PROVINCE	CITY/MUNICIPALITIES	BARANGAY	ZONE	REGION
AGUSAN DEL SUR	PROSPERIDAD	Aurora		
AGUSAN DEL SUR	PROSPERIDAD	Awa		
AGUSAN DEL SUR	PROSPERIDAD	Azpetia		
AGUSAN DEL SUR	PROSPERIDAD	La Caridad		
AGUSAN DEL SUR	PROSPERIDAD	La Perian		
AGUSAN DEL SUR	PROSPERIDAD	La Purisima		
AGUSAN DEL SUR	PROSPERIDAD	La Suerte		
AGUSAN DEL SUR	PROSPERIDAD	La Union		
AGUSAN DEL SUR	PROSPERIDAD	Las Navas		
AGUSAN DEL SUR	PROSPERIDAD	Libertad		
AGUSAN DEL SUR	PROSPERIDAD	Los Arcos		
AGUSAN DEL SUR	PROSPERIDAD	Lucena		
AGUSAN DEL SUR	PROSPERIDAD	Mabuhay		
AGUSAN DEL SUR	PROSPERIDAD	Magsaysay		
AGUSAN DEL SUR	PROSPERIDAD	Mapaga		
AGUSAN DEL SUR	PROSPERIDAD	Napo		
AGUSAN DEL SUR	PROSPERIDAD	New Maug		
AGUSAN DEL SUR	PROSPERIDAD	Patin-ay		
AGUSAN DEL SUR	PROSPERIDAD	Poblacion		
AGUSAN DEL SUR	PROSPERIDAD	Salimbogaon		
AGUSAN DEL SUR	PROSPERIDAD	Salvacion		
AGUSAN DEL SUR	PROSPERIDAD	San Joaquin		
AGUSAN DEL SUR	PROSPERIDAD	San Jose		
AGUSAN DEL SUR	PROSPERIDAD	San Lorenzo		
AGUSAN DEL SUR	PROSPERIDAD	San Martin		
AGUSAN DEL SUR	PROSPERIDAD	San Pedro		
AGUSAN DEL SUR	PROSPERIDAD	San Rafael		
AGUSAN DEL SUR	PROSPERIDAD	San Roque		
AGUSAN DEL SUR	PROSPERIDAD	San Salvador		
AGUSAN DEL SUR	PROSPERIDAD	San Vicente		
AGUSAN DEL SUR	PROSPERIDAD	Santa Irene		
AGUSAN DEL SUR	PROSPERIDAD	Santa Maria		
AGUSAN DEL SUR	BAYUGAN	Berseba		
AGUSAN DEL SUR	BAYUGAN	Bucac		
AGUSAN DEL SUR	BAYUGAN	Cagbas		
AGUSAN DEL SUR	BAYUGAN	Calaitan		
AGUSAN DEL SUR	BAYUGAN	Canayugan		
AGUSAN DEL SUR	BAYUGAN	Charito		
AGUSAN DEL SUR	BAYUGAN	Claro Cortez		
AGUSAN DEL SUR	BAYUGAN	Fili		
AGUSAN DEL SUR	BAYUGAN	Gamao		
AGUSAN DEL SUR	BAYUGAN	Getsemane		
AGUSAN DEL SUR	BAYUGAN	Grace Estate		
AGUSAN DEL SUR	BAYUGAN	Hamogaway		
AGUSAN DEL SUR	BAYUGAN	Katipunan		
AGUSAN DEL SUR	BAYUGAN	Mabuhay		
AGUSAN DEL SUR	BAYUGAN	Magkiangkang		
AGUSAN DEL SUR	BAYUGAN	Mahayag		
AGUSAN DEL SUR	BAYUGAN	Marcelina		
AGUSAN DEL SUR	BAYUGAN	Maygatasan		
AGUSAN DEL SUR	BAYUGAN	Montivesta		
AGUSAN DEL SUR	BAYUGAN	Mt. Ararat		
AGUSAN DEL SUR	BAYUGAN	Mt. Carmel		
AGUSAN DEL SUR	BAYUGAN	Mt. Olive		
AGUSAN DEL SUR	BAYUGAN	New Salem		
AGUSAN DEL SUR	BAYUGAN	Noli		
AGUSAN DEL SUR	BAYUGAN	Osmeña		
AGUSAN DEL SUR	BAYUGAN	Panaytay		
AGUSAN DEL SUR	BAYUGAN	Pinagalaan		
AGUSAN DEL SUR	BAYUGAN	Poblacion		
AGUSAN DEL SUR	BAYUGAN	Sagmone		
AGUSAN DEL SUR	BAYUGAN	Saguma		
AGUSAN DEL SUR	BAYUGAN	Salvacion		
AGUSAN DEL SUR	BAYUGAN	San Agustin		
AGUSAN DEL SUR	BAYUGAN	San Isidro		
AGUSAN DEL SUR	BAYUGAN	San Juan		
AGUSAN DEL SUR	BAYUGAN	Santa Irene		
AGUSAN DEL SUR	BAYUGAN	Santa Teresita		
AGUSAN DEL SUR	BAYUGAN	Santo Niño		
AGUSAN DEL SUR	BAYUGAN	Taglatawan		
AGUSAN DEL SUR	BAYUGAN	Taglibas		
AGUSAN DEL SUR	BAYUGAN	Tagubay		
AGUSAN DEL SUR	BAYUGAN	Verdu		
AGUSAN DEL SUR	BAYUGAN	Villa Undayon		
AGUSAN DEL SUR	BAYUGAN	Wawa		
AGUSAN DEL SUR	BUNAWAN	Bunawan Brook		
AGUSAN DEL SUR	BUNAWAN	Consuelo		
AGUSAN DEL SUR	BUNAWAN	Imelda		
AGUSAN DEL SUR	BUNAWAN	Libertad		
AGUSAN DEL SUR	BUNAWAN	Mambalili		
AGUSAN DEL SUR	BUNAWAN	Nueva Era		
AGUSAN DEL SUR	BUNAWAN	Poblacion		
AGUSAN DEL SUR	BUNAWAN	San Andres		
AGUSAN DEL SUR	BUNAWAN	San Marcos		
AGUSAN DEL SUR	BUNAWAN	San Teodoro		
AGUSAN DEL SUR	ESPERANZA	Agsabu		
AGUSAN DEL SUR	ESPERANZA	Aguinaldo		
AGUSAN DEL SUR	ESPERANZA	Anolingan		
AGUSAN DEL SUR	ESPERANZA	Bakingking		
AGUSAN DEL SUR	ESPERANZA	Balubo		
AGUSAN DEL SUR	ESPERANZA	Bentahon		
AGUSAN DEL SUR	ESPERANZA	Bunaguit		
AGUSAN DEL SUR	ESPERANZA	Catmonon		
AGUSAN DEL SUR	ESPERANZA	Cebulan		
AGUSAN DEL SUR	ESPERANZA	Concordia		
AGUSAN DEL SUR	ESPERANZA	Crossing Luna		
AGUSAN DEL SUR	ESPERANZA	Cubo		
AGUSAN DEL SUR	ESPERANZA	Dakutan		
AGUSAN DEL SUR	ESPERANZA	Duangan		
AGUSAN DEL SUR	ESPERANZA	Guadalupe		
AGUSAN DEL SUR	ESPERANZA	Guibonon		
AGUSAN DEL SUR	ESPERANZA	Hawilian		
AGUSAN DEL SUR	ESPERANZA	Kalabuan		
AGUSAN DEL SUR	ESPERANZA	Kinamaybay		
AGUSAN DEL SUR	ESPERANZA	Labao		
AGUSAN DEL SUR	ESPERANZA	Langag		
AGUSAN DEL SUR	ESPERANZA	Maasin		
AGUSAN DEL SUR	ESPERANZA	Mac-Arthur		
AGUSAN DEL SUR	ESPERANZA	Mahagcot		
AGUSAN DEL SUR	ESPERANZA	Maliwanag		
AGUSAN DEL SUR	ESPERANZA	Milagros		
AGUSAN DEL SUR	ESPERANZA	Nato		
AGUSAN DEL SUR	ESPERANZA	New Gingoog		
AGUSAN DEL SUR	ESPERANZA	Odiong		
AGUSAN DEL SUR	ESPERANZA	Oro		
AGUSAN DEL SUR	ESPERANZA	Piglawigan		
AGUSAN DEL SUR	ESPERANZA	Poblacion		
AGUSAN DEL SUR	ESPERANZA	Remedios		
AGUSAN DEL SUR	ESPERANZA	Salug		
AGUSAN DEL SUR	ESPERANZA	San Isidro		
AGUSAN DEL SUR	ESPERANZA	San Jose		
AGUSAN DEL SUR	ESPERANZA	San Toribio		
AGUSAN DEL SUR	ESPERANZA	San Vicente		
AGUSAN DEL SUR	ESPERANZA	Santa Fe		
AGUSAN DEL SUR	ESPERANZA	Segunda		
AGUSAN DEL SUR	ESPERANZA	Sinakungan		
AGUSAN DEL SUR	ESPERANZA	Tagabase		
AGUSAN DEL SUR	ESPERANZA	Taganahaw		
AGUSAN DEL SUR	ESPERANZA	Tagbalili		
AGUSAN DEL SUR	ESPERANZA	Tahina		
AGUSAN DEL SUR	ESPERANZA	Tandang Sora		
AGUSAN DEL SUR	ESPERANZA	Valentina		
AGUSAN DEL SUR	LAPAZ	Angeles		
AGUSAN DEL SUR	LAPAZ	Bataan		
AGUSAN DEL SUR	LAPAZ	Comota		
AGUSAN DEL SUR	LAPAZ	Halapitan		
AGUSAN DEL SUR	LAPAZ	Kasapa II		
AGUSAN DEL SUR	LAPAZ	Langasian		
AGUSAN DEL SUR	LAPAZ	Lydia		
AGUSAN DEL SUR	LAPAZ	Osmeña, Sr.		
AGUSAN DEL SUR	LAPAZ	Panagangan		
AGUSAN DEL SUR	LAPAZ	Poblacion		
AGUSAN DEL SUR	LAPAZ	Sabang Adgawan		
AGUSAN DEL SUR	LAPAZ	Sagunto		
AGUSAN DEL SUR	LAPAZ	San Patricio		
AGUSAN DEL SUR	LAPAZ	Valentina		
AGUSAN DEL SUR	LAPAZ	Villa Paz		
AGUSAN DEL SUR	LORETO	Binucayan		
AGUSAN DEL SUR	LORETO	Johnson		
AGUSAN DEL SUR	LORETO	Kasapa		
AGUSAN DEL SUR	LORETO	Katipunan		
AGUSAN DEL SUR	LORETO	Kauswagan		
AGUSAN DEL SUR	LORETO	Magaud		
AGUSAN DEL SUR	LORETO	Nueva Gracia		
AGUSAN DEL SUR	LORETO	Poblacion		
AGUSAN DEL SUR	LORETO	Sabud		
AGUSAN DEL SUR	LORETO	San Isidro		
AGUSAN DEL SUR	LORETO	San Mariano		
AGUSAN DEL SUR	LORETO	San Vicente		
AGUSAN DEL SUR	LORETO	Santa Teresa		
AGUSAN DEL SUR	LORETO	Santo Niño		
AGUSAN DEL SUR	LORETO	Santo Tomas		
AGUSAN DEL SUR	LORETO	Violanta		
AGUSAN DEL SUR	LORETO	Waloe		
AGUSAN DEL SUR	ROSARIO	Bayugan 3		
AGUSAN DEL SUR	ROSARIO	Cabantao		
AGUSAN DEL SUR	ROSARIO	Cabawan		
AGUSAN DEL SUR	ROSARIO	Libuac		
AGUSAN DEL SUR	ROSARIO	Maligaya		
AGUSAN DEL SUR	ROSARIO	Marfil		
AGUSAN DEL SUR	ROSARIO	Novele		
AGUSAN DEL SUR	ROSARIO	Poblacion		
AGUSAN DEL SUR	ROSARIO	Santa Cruz		
AGUSAN DEL SUR	ROSARIO	Tagbayagan		
AGUSAN DEL SUR	ROSARIO	Wasi-an		
AGUSAN DEL SUR	SAN FRANCISCO	Alegria		
AGUSAN DEL SUR	SAN FRANCISCO	Barangay 1		
AGUSAN DEL SUR	SAN FRANCISCO	Barangay 2		
AGUSAN DEL SUR	SAN FRANCISCO	Barangay 3		
AGUSAN DEL SUR	SAN FRANCISCO	Barangay 4		
AGUSAN DEL SUR	SAN FRANCISCO	Barangay 5		
AGUSAN DEL SUR	SAN FRANCISCO	Bayugan 2		
AGUSAN DEL SUR	SAN FRANCISCO	Bitan-agan		
AGUSAN DEL SUR	SAN FRANCISCO	Borbon		
AGUSAN DEL SUR	SAN FRANCISCO	Buenasuerte		
AGUSAN DEL SUR	SAN FRANCISCO	Caimpugan		
AGUSAN DEL SUR	SAN FRANCISCO	Das-agan		
AGUSAN DEL SUR	SAN FRANCISCO	Ebro		
AGUSAN DEL SUR	SAN FRANCISCO	Hubang		
AGUSAN DEL SUR	SAN FRANCISCO	Karaus		
AGUSAN DEL SUR	SAN FRANCISCO	Ladgadan		
AGUSAN DEL SUR	SAN FRANCISCO	Lapinigan		
AGUSAN DEL SUR	SAN FRANCISCO	Lucac		
AGUSAN DEL SUR	SAN FRANCISCO	Mate		
AGUSAN DEL SUR	SAN FRANCISCO	New Visayas		
AGUSAN DEL SUR	SAN FRANCISCO	Ormaca		
AGUSAN DEL SUR	SAN FRANCISCO	Pasta		
AGUSAN DEL SUR	SAN FRANCISCO	Pisa-an		
AGUSAN DEL SUR	SAN FRANCISCO	Rizal		
AGUSAN DEL SUR	SAN FRANCISCO	San Isidro		
AGUSAN DEL SUR	SAN FRANCISCO	Santa Ana		
AGUSAN DEL SUR	SAN FRANCISCO	Tagapua		
AGUSAN DEL SUR	SAN LUIS	Anislagan 		
AGUSAN DEL SUR	SAN LUIS	 Balit 		
AGUSAN DEL SUR	SAN LUIS	 Baylo 		
AGUSAN DEL SUR	SAN LUIS	 Binicalan 		
AGUSAN DEL SUR	SAN LUIS	 Cecilia 		
AGUSAN DEL SUR	SAN LUIS	 Coalicion 		
AGUSAN DEL SUR	SAN LUIS	 Culi 		
AGUSAN DEL SUR	SAN LUIS	 Dimasalang 		
AGUSAN DEL SUR	SAN LUIS	 Don Alejandro 		
AGUSAN DEL SUR	SAN LUIS	 Don Pedro 		
AGUSAN DEL SUR	SAN LUIS	 Doña Flavia 		
AGUSAN DEL SUR	SAN LUIS	 Doña Maxima 		
AGUSAN DEL SUR	SAN LUIS	 Mahagsay 		
AGUSAN DEL SUR	SAN LUIS	 Mahapag 		
AGUSAN DEL SUR	SAN LUIS	 Mahayahay 		
AGUSAN DEL SUR	SAN LUIS	 Muritula 		
AGUSAN DEL SUR	SAN LUIS	 Nuevo Trabajo 		
AGUSAN DEL SUR	SAN LUIS	 Poblacion 		
AGUSAN DEL SUR	SAN LUIS	 Policarpo 		
AGUSAN DEL SUR	SAN LUIS	 San Isidro 		
AGUSAN DEL SUR	SAN LUIS	 San Pedro 		
AGUSAN DEL SUR	SAN LUIS	 Santa Ines 		
AGUSAN DEL SUR	SAN LUIS	 Santa Rita 		
AGUSAN DEL SUR	SAN LUIS	 Santiago 		
AGUSAN DEL SUR	SAN LUIS	 Wegguam 		
AGUSAN DEL SUR	SANTA JOSEFA	Angas		
AGUSAN DEL SUR	SANTA JOSEFA	Aurora		
AGUSAN DEL SUR	SANTA JOSEFA	Awao		
AGUSAN DEL SUR	SANTA JOSEFA	Concepcion		
AGUSAN DEL SUR	SANTA JOSEFA	Pag-asa		
AGUSAN DEL SUR	SANTA JOSEFA	Patrocinio		
AGUSAN DEL SUR	SANTA JOSEFA	Poblacion		
AGUSAN DEL SUR	SANTA JOSEFA	San Jose		
AGUSAN DEL SUR	SANTA JOSEFA	Santa Isabel		
AGUSAN DEL SUR	SANTA JOSEFA	Sayon		
AGUSAN DEL SUR	SANTA JOSEFA	Tapaz		
AGUSAN DEL SUR	TALACOGON	Batucan		
AGUSAN DEL SUR	TALACOGON	BuenaGracia		
AGUSAN DEL SUR	TALACOGON	Causwagan		
AGUSAN DEL SUR	TALACOGON	Culi		
AGUSAN DEL SUR	TALACOGON	Del Monte		
AGUSAN DEL SUR	TALACOGON	Desamparados		
AGUSAN DEL SUR	TALACOGON	La Flora		
AGUSAN DEL SUR	TALACOGON	Labnig		
AGUSAN DEL SUR	TALACOGON	Maharlika		
AGUSAN DEL SUR	TALACOGON	Marbon		
AGUSAN DEL SUR	TALACOGON	Sabang Gibung		
AGUSAN DEL SUR	TALACOGON	San Agustin		
AGUSAN DEL SUR	TALACOGON	San Isidro		
AGUSAN DEL SUR	TALACOGON	San Nicolas		
AGUSAN DEL SUR	TALACOGON	Zamora		
AGUSAN DEL SUR	TALACOGON	Zillovia		
AGUSAN DEL SUR	TRENTO	Basa		
AGUSAN DEL SUR	TRENTO	Cebolin		
AGUSAN DEL SUR	TRENTO	Cuevas		
AGUSAN DEL SUR	TRENTO	Kapatungan		
AGUSAN DEL SUR	TRENTO	Langkila-an		
AGUSAN DEL SUR	TRENTO	Manat		
AGUSAN DEL SUR	TRENTO	New Visayas		
AGUSAN DEL SUR	TRENTO	Pangyan		
AGUSAN DEL SUR	TRENTO	Poblacion		
AGUSAN DEL SUR	TRENTO	Pulang-lupa		
AGUSAN DEL SUR	TRENTO	Salvacion		
AGUSAN DEL SUR	TRENTO	San Ignacio		
AGUSAN DEL SUR	TRENTO	San Isidro		
AGUSAN DEL SUR	TRENTO	San Roque		
AGUSAN DEL SUR	TRENTO	Santa Maria		
AGUSAN DEL SUR	TRENTO	Tudela		
AGUSAN DEL SUR	VERUELA	Anitap		
AGUSAN DEL SUR	VERUELA	Bacay II		
AGUSAN DEL SUR	VERUELA	Binongan		
AGUSAN DEL SUR	VERUELA	Caigangan		
AGUSAN DEL SUR	VERUELA	Candiis		
AGUSAN DEL SUR	VERUELA	Del Monte		
AGUSAN DEL SUR	VERUELA	Don Mateo		
AGUSAN DEL SUR	VERUELA	Katipunan		
AGUSAN DEL SUR	VERUELA	La Fortuna		
AGUSAN DEL SUR	VERUELA	Limot		
AGUSAN DEL SUR	VERUELA	Magsaysay		
AGUSAN DEL SUR	VERUELA	Masayan		
AGUSAN DEL SUR	VERUELA	Poblacion		
AGUSAN DEL SUR	VERUELA	Sampaguita		
AGUSAN DEL SUR	VERUELA	San Gabriel		
AGUSAN DEL SUR	VERUELA	Santa Cruz		
AGUSAN DEL SUR	VERUELA	Santa Emelia		
AGUSAN DEL SUR	VERUELA	Sawagan		
AGUSAN DEL SUR	VERUELA	Sinobong		
AGUSAN DEL SUR	VERUELA	Sisimon		
AGUSAN DEL SUR	SIBAGAT	Afga		
AGUSAN DEL SUR	SIBAGAT	Anahawan		
AGUSAN DEL SUR	SIBAGAT	Banagbanag		
AGUSAN DEL SUR	SIBAGAT	Del Rosario		
AGUSAN DEL SUR	SIBAGAT	El Rio		
AGUSAN DEL SUR	SIBAGAT	Ilihan		
AGUSAN DEL SUR	SIBAGAT	Kauswagan		
AGUSAN DEL SUR	SIBAGAT	Kioya		
AGUSAN DEL SUR	SIBAGAT	Kolambugan		
AGUSAN DEL SUR	SIBAGAT	Mahayahay		
AGUSAN DEL SUR	SIBAGAT	Magkalape		
AGUSAN DEL SUR	SIBAGAT	Magsaysay		
AGUSAN DEL SUR	SIBAGAT	New Tubigon		
AGUSAN DEL SUR	SIBAGAT	Padiay		
AGUSAN DEL SUR	SIBAGAT	Perez		
AGUSAN DEL SUR	SIBAGAT	Poblacion - Townsite		
AGUSAN DEL SUR	SIBAGAT	San Vicente		
AGUSAN DEL SUR	SIBAGAT	San Isidro		
AGUSAN DEL SUR	SIBAGAT	Sta. Cruz		
AGUSAN DEL SUR	SIBAGAT	Sta. Maria		
AGUSAN DEL SUR	SIBAGAT	Sinai		
AGUSAN DEL SUR	SIBAGAT	Tabontabon		
AGUSAN DEL SUR	SIBAGAT	Tag-oyango		
AGUSAN DEL SUR	SIBAGAT	Villangit		
AGUSAN DEL NORTE	BUTUAN	Agao (Barangay 3)		
AGUSAN DEL NORTE	BUTUAN	Agusan Pequeño		
AGUSAN DEL NORTE	BUTUAN	Ambago		
AGUSAN DEL NORTE	BUTUAN	Amparo		
AGUSAN DEL NORTE	BUTUAN	Ampayon		
AGUSAN DEL NORTE	BUTUAN	Anticala		
AGUSAN DEL NORTE	BUTUAN	Antongalon		
AGUSAN DEL NORTE	BUTUAN	Aupagan		
AGUSAN DEL NORTE	BUTUAN	Baan KM 3		
AGUSAN DEL NORTE	BUTUAN	Baan Riverside (Barangay 20)		
AGUSAN DEL NORTE	BUTUAN	Babag		
AGUSAN DEL NORTE	BUTUAN	Bading (Barangay 22)		
AGUSAN DEL NORTE	BUTUAN	Bancasi		
AGUSAN DEL NORTE	BUTUAN	Banza		
AGUSAN DEL NORTE	BUTUAN	Baobaoan		
AGUSAN DEL NORTE	BUTUAN	Basag		
AGUSAN DEL NORTE	BUTUAN	Bayanihan (Barangay 27)		
AGUSAN DEL NORTE	BUTUAN	Bilay		
AGUSAN DEL NORTE	BUTUAN	Bitan-agan		
AGUSAN DEL NORTE	BUTUAN	Bit-os		
AGUSAN DEL NORTE	BUTUAN	Bobon		
AGUSAN DEL NORTE	BUTUAN	Bonbon		
AGUSAN DEL NORTE	BUTUAN	Bugabus		
AGUSAN DEL NORTE	BUTUAN	Bugsukan		
AGUSAN DEL NORTE	BUTUAN	Buhangin (Barangay 19)		
AGUSAN DEL NORTE	BUTUAN	Cabcabon		
AGUSAN DEL NORTE	BUTUAN	Camayahan		
AGUSAN DEL NORTE	BUTUAN	Dagohoy (Barangay 7)		
AGUSAN DEL NORTE	BUTUAN	Dankias		
AGUSAN DEL NORTE	BUTUAN	De Oro		
AGUSAN DEL NORTE	BUTUAN	Diego Silang (Barangay 6)		
AGUSAN DEL NORTE	BUTUAN	Don Francisco		
AGUSAN DEL NORTE	BUTUAN	Doongan		
AGUSAN DEL NORTE	BUTUAN	Dulag		
AGUSAN DEL NORTE	BUTUAN	Dumalagan		
AGUSAN DEL NORTE	BUTUAN	Florida		
AGUSAN DEL NORTE	BUTUAN	Golden Ribbon (Barangay 2)		
AGUSAN DEL NORTE	BUTUAN	Holy Redeemer (Barangay 23)		
AGUSAN DEL NORTE	BUTUAN	Humabon (Barangay 11)		
AGUSAN DEL NORTE	BUTUAN	Imadejas (Barangay 24)		
AGUSAN DEL NORTE	BUTUAN	Jose Rizal (Barangay 25)		
AGUSAN DEL NORTE	BUTUAN	Kinamlutan		
AGUSAN DEL NORTE	BUTUAN	Lapu-Lapu (Barangay 8)		
AGUSAN DEL NORTE	BUTUAN	Lemon		
AGUSAN DEL NORTE	BUTUAN	Leon Kilat (Barangay 13)		
AGUSAN DEL NORTE	BUTUAN	Libertad		
AGUSAN DEL NORTE	BUTUAN	Limaha (Barangay 14)		
AGUSAN DEL NORTE	BUTUAN	Los Angeles		
AGUSAN DEL NORTE	BUTUAN	Lumbocan		
AGUSAN DEL NORTE	BUTUAN	Maguinda		
AGUSAN DEL NORTE	BUTUAN	Mahay		
AGUSAN DEL NORTE	BUTUAN	Mahogany (Barangay 21)		
AGUSAN DEL NORTE	BUTUAN	Maibu		
AGUSAN DEL NORTE	BUTUAN	Mandamo		
AGUSAN DEL NORTE	BUTUAN	Manila de Bugabus		
AGUSAN DEL NORTE	BUTUAN	Maon (Barangay 1)		
AGUSAN DEL NORTE	BUTUAN	Masao		
AGUSAN DEL NORTE	BUTUAN	Maug		
AGUSAN DEL NORTE	BUTUAN	New Society Village (Barangay 26)		
AGUSAN DEL NORTE	BUTUAN	Nong-Nong		
AGUSAN DEL NORTE	BUTUAN	Obrero (Barangay 18)		
AGUSAN DEL NORTE	BUTUAN	Ong Yiu (Barangay 16)		
AGUSAN DEL NORTE	BUTUAN	Pagatpatan		
AGUSAN DEL NORTE	BUTUAN	Pangabugan		
AGUSAN DEL NORTE	BUTUAN	Pianing		
AGUSAN DEL NORTE	BUTUAN	Pigdaulan		
AGUSAN DEL NORTE	BUTUAN	Pinamanculan		
AGUSAN DEL NORTE	BUTUAN	Port Poyohon (Barangay 17, New Asia)		
AGUSAN DEL NORTE	BUTUAN	Rajah Soliman (Barangay 4)		
AGUSAN DEL NORTE	BUTUAN	Salvacion		
AGUSAN DEL NORTE	BUTUAN	San Ignacio (Barangay 15)		
AGUSAN DEL NORTE	BUTUAN	San Mateo		
AGUSAN DEL NORTE	BUTUAN	Santo Niño		
AGUSAN DEL NORTE	BUTUAN	San Vicente		
AGUSAN DEL NORTE	BUTUAN	Sikatuna (Barangay 10)		
AGUSAN DEL NORTE	BUTUAN	Silongan (Barangay 5)		
AGUSAN DEL NORTE	BUTUAN	Sumile		
AGUSAN DEL NORTE	BUTUAN	Sumilihon		
AGUSAN DEL NORTE	BUTUAN	Tagabaca		
AGUSAN DEL NORTE	BUTUAN	Taguibo		
AGUSAN DEL NORTE	BUTUAN	Taligaman		
AGUSAN DEL NORTE	BUTUAN	Tandang Sora (Barangay 12)		
AGUSAN DEL NORTE	BUTUAN	Tiniwisan		
AGUSAN DEL NORTE	BUTUAN	Tungao		
AGUSAN DEL NORTE	BUTUAN	Urduja (Barangay 9)		
AGUSAN DEL NORTE	BUTUAN	Villa Kananga		
AGUSAN DEL NORTE	BUENAVISTA	Abilan		
AGUSAN DEL NORTE	BUENAVISTA	Agong-ong		
AGUSAN DEL NORTE	BUENAVISTA	Alubijid		
AGUSAN DEL NORTE	BUENAVISTA	Guinabsan		
AGUSAN DEL NORTE	BUENAVISTA	Lower Olave		
AGUSAN DEL NORTE	BUENAVISTA	Macalang		
AGUSAN DEL NORTE	BUENAVISTA	Malapong		
AGUSAN DEL NORTE	BUENAVISTA	Malpoc		
AGUSAN DEL NORTE	BUENAVISTA	Manapa		
AGUSAN DEL NORTE	BUENAVISTA	Matabao		
AGUSAN DEL NORTE	BUENAVISTA	Poblacion 1		
AGUSAN DEL NORTE	BUENAVISTA	Poblacion 10		
AGUSAN DEL NORTE	BUENAVISTA	Poblacion 2		
AGUSAN DEL NORTE	BUENAVISTA	Poblacion 3		
AGUSAN DEL NORTE	BUENAVISTA	Poblacion 4		
AGUSAN DEL NORTE	BUENAVISTA	Poblacion 5		
AGUSAN DEL NORTE	BUENAVISTA	Poblacion 6		
AGUSAN DEL NORTE	BUENAVISTA	Poblacion 7		
AGUSAN DEL NORTE	BUENAVISTA	Poblacion 8		
AGUSAN DEL NORTE	BUENAVISTA	Poblacion 9		
AGUSAN DEL NORTE	BUENAVISTA	Rizal		
AGUSAN DEL NORTE	BUENAVISTA	Sacol		
AGUSAN DEL NORTE	BUENAVISTA	Sangay		
AGUSAN DEL NORTE	BUENAVISTA	Simbalan		
AGUSAN DEL NORTE	BUENAVISTA	Talo-ao		
AGUSAN DEL NORTE	CABADBARAN	Antonio Luna		
AGUSAN DEL NORTE	CABADBARAN	Bayabas		
AGUSAN DEL NORTE	CABADBARAN	Bay-ang		
AGUSAN DEL NORTE	CABADBARAN	Caasinan		
AGUSAN DEL NORTE	CABADBARAN	Cabinet		
AGUSAN DEL NORTE	CABADBARAN	Calamba		
AGUSAN DEL NORTE	CABADBARAN	Calibunan		
AGUSAN DEL NORTE	CABADBARAN	Comagascas		
AGUSAN DEL NORTE	CABADBARAN	Concepcion		
AGUSAN DEL NORTE	CABADBARAN	Del Pilar		
AGUSAN DEL NORTE	CABADBARAN	Katugasan		
AGUSAN DEL NORTE	CABADBARAN	Kauswagan		
AGUSAN DEL NORTE	CABADBARAN	La Union		
AGUSAN DEL NORTE	CABADBARAN	Mabini		
AGUSAN DEL NORTE	CABADBARAN	Mahaba		
AGUSAN DEL NORTE	CABADBARAN	Poblacion 1		
AGUSAN DEL NORTE	CABADBARAN	Poblacion 10		
AGUSAN DEL NORTE	CABADBARAN	Poblacion 11		
AGUSAN DEL NORTE	CABADBARAN	Poblacion 12		
AGUSAN DEL NORTE	CABADBARAN	Poblacion 2		
AGUSAN DEL NORTE	CABADBARAN	Poblacion 3		
AGUSAN DEL NORTE	CABADBARAN	Poblacion 4		
AGUSAN DEL NORTE	CABADBARAN	Poblacion 5		
AGUSAN DEL NORTE	CABADBARAN	Poblacion 6		
AGUSAN DEL NORTE	CABADBARAN	Poblacion 7		
AGUSAN DEL NORTE	CABADBARAN	Poblacion 8		
AGUSAN DEL NORTE	CABADBARAN	Poblacion 9		
AGUSAN DEL NORTE	CABADBARAN	Puting Bato		
AGUSAN DEL NORTE	CABADBARAN	Sanghan		
AGUSAN DEL NORTE	CABADBARAN	Soriano		
AGUSAN DEL NORTE	CABADBARAN	Tolosa		
AGUSAN DEL NORTE	CARMEN	Cahayagan		
AGUSAN DEL NORTE	CARMEN	Gosoon		
AGUSAN DEL NORTE	CARMEN	Manoligao		
AGUSAN DEL NORTE	CARMEN	Poblacion		
AGUSAN DEL NORTE	CARMEN	Rojales		
AGUSAN DEL NORTE	CARMEN	San Agustin		
AGUSAN DEL NORTE	CARMEN	Tagcatong		
AGUSAN DEL NORTE	CARMEN	Vinapor		
AGUSAN DEL NORTE	JABONGA	A. Beltran		
AGUSAN DEL NORTE	JABONGA	Baleguian		
AGUSAN DEL NORTE	JABONGA	Bangonay		
AGUSAN DEL NORTE	JABONGA	Bunga		
AGUSAN DEL NORTE	JABONGA	Colorado		
AGUSAN DEL NORTE	JABONGA	Cuyago		
AGUSAN DEL NORTE	JABONGA	Libas		
AGUSAN DEL NORTE	JABONGA	Magdagooc		
AGUSAN DEL NORTE	JABONGA	Magsaysay		
AGUSAN DEL NORTE	JABONGA	Maraiging		
AGUSAN DEL NORTE	JABONGA	Poblacion		
AGUSAN DEL NORTE	JABONGA	San Jose		
AGUSAN DEL NORTE	JABONGA	San Pablo		
AGUSAN DEL NORTE	JABONGA	San Vicente		
AGUSAN DEL NORTE	JABONGA	Santo Niño		
AGUSAN DEL NORTE	KITCHARAO	Bangayan		
AGUSAN DEL NORTE	KITCHARAO	Canaway		
AGUSAN DEL NORTE	KITCHARAO	Crossing		
AGUSAN DEL NORTE	KITCHARAO	Hinimbangan		
AGUSAN DEL NORTE	KITCHARAO	Jaliobong		
AGUSAN DEL NORTE	KITCHARAO	Mahayahay		
AGUSAN DEL NORTE	KITCHARAO	Poblacion		
AGUSAN DEL NORTE	KITCHARAO	San Isidro		
AGUSAN DEL NORTE	KITCHARAO	San Roque		
AGUSAN DEL NORTE	KITCHARAO	Sangay		
AGUSAN DEL NORTE	KITCHARAO	Songkoy		
AGUSAN DEL NORTE	LAS NIEVES	Ambacon		
AGUSAN DEL NORTE	LAS NIEVES	Balungagan		
AGUSAN DEL NORTE	LAS NIEVES	Bonifacio		
AGUSAN DEL NORTE	LAS NIEVES	Casiklan		
AGUSAN DEL NORTE	LAS NIEVES	Consorcia		
AGUSAN DEL NORTE	LAS NIEVES	Durian		
AGUSAN DEL NORTE	LAS NIEVES	Eduardo G. Montilla		
AGUSAN DEL NORTE	LAS NIEVES	Ibuan		
AGUSAN DEL NORTE	LAS NIEVES	Katipunan		
AGUSAN DEL NORTE	LAS NIEVES	Lingayao		
AGUSAN DEL NORTE	LAS NIEVES	Malicato		
AGUSAN DEL NORTE	LAS NIEVES	Maningalao		
AGUSAN DEL NORTE	LAS NIEVES	Marcos Calo		
AGUSAN DEL NORTE	LAS NIEVES	Mat-i		
AGUSAN DEL NORTE	LAS NIEVES	Pinana-an		
AGUSAN DEL NORTE	LAS NIEVES	Poblacion		
AGUSAN DEL NORTE	LAS NIEVES	Rosario		
AGUSAN DEL NORTE	LAS NIEVES	San Isidro		
AGUSAN DEL NORTE	LAS NIEVES	San Roque		
AGUSAN DEL NORTE	LAS NIEVES	Tinucoran		
AGUSAN DEL NORTE	MAGALLANES	Buhang		
AGUSAN DEL NORTE	MAGALLANES	Caloc-an		
AGUSAN DEL NORTE	MAGALLANES	Guiasan		
AGUSAN DEL NORTE	MAGALLANES	Marcos		
AGUSAN DEL NORTE	MAGALLANES	Poblacion		
AGUSAN DEL NORTE	MAGALLANES	Santo Niño		
AGUSAN DEL NORTE	MAGALLANES	Santo Rosario		
AGUSAN DEL NORTE	MAGALLANES	Taod-oy		
AGUSAN DEL NORTE	NASIPIT	Aclan		
AGUSAN DEL NORTE	NASIPIT	Amontay		
AGUSAN DEL NORTE	NASIPIT	Ata-atahon		
AGUSAN DEL NORTE	NASIPIT	Barangay 1		
AGUSAN DEL NORTE	NASIPIT	Barangay 2		
AGUSAN DEL NORTE	NASIPIT	Barangay 3		
AGUSAN DEL NORTE	NASIPIT	Barangay 4		
AGUSAN DEL NORTE	NASIPIT	Barangay 5		
AGUSAN DEL NORTE	NASIPIT	Barangay 6		
AGUSAN DEL NORTE	NASIPIT	Barangay 7		
AGUSAN DEL NORTE	NASIPIT	Camagong		
AGUSAN DEL NORTE	NASIPIT	Cubi-cubi		
AGUSAN DEL NORTE	NASIPIT	Culit		
AGUSAN DEL NORTE	NASIPIT	Jaguimitan		
AGUSAN DEL NORTE	NASIPIT	Kinabjangan		
AGUSAN DEL NORTE	NASIPIT	Punta		
AGUSAN DEL NORTE	NASIPIT	Santa Ana		
AGUSAN DEL NORTE	NASIPIT	Talisay		
AGUSAN DEL NORTE	NASIPIT	Triangulo		
AGUSAN DEL NORTE	Remedios T. Romualdez	Balangbalang		
AGUSAN DEL NORTE	Remedios T. Romualdez	Basilisa		
AGUSAN DEL NORTE	Remedios T. Romualdez	Humilog		
AGUSAN DEL NORTE	Remedios T. Romualdez	Panaytayon		
AGUSAN DEL NORTE	Remedios T. Romualdez	Poblacion I		
AGUSAN DEL NORTE	Remedios T. Romualdez	Poblacion II		
AGUSAN DEL NORTE	Remedios T. Romualdez	San Antonio		
AGUSAN DEL NORTE	Remedios T. Romualdez	Tagbongabong		
AGUSAN DEL NORTE	Santiago	Curva		
AGUSAN DEL NORTE	Santiago	Estanislao Morgado		
AGUSAN DEL NORTE	Santiago	Jagupit		
AGUSAN DEL NORTE	Santiago	La Paz		
AGUSAN DEL NORTE	Santiago	Pangaylan-IP		
AGUSAN DEL NORTE	Santiago	Poblacion I		
AGUSAN DEL NORTE	Santiago	Poblacion II		
AGUSAN DEL NORTE	Santiago	San Isidro		
AGUSAN DEL NORTE	Santiago	Tagbuyacan		
AGUSAN DEL NORTE	TUBAY	Binuangan		
AGUSAN DEL NORTE	TUBAY	Cabayawa		
AGUSAN DEL NORTE	TUBAY	Doña Rosario		
AGUSAN DEL NORTE	TUBAY	Doña Telesfora		
AGUSAN DEL NORTE	TUBAY	La Fraternidad		
AGUSAN DEL NORTE	TUBAY	Lawigan		
AGUSAN DEL NORTE	TUBAY	Poblacion 1		
AGUSAN DEL NORTE	TUBAY	Poblacion 2		
AGUSAN DEL NORTE	TUBAY	Santa Ana		
AGUSAN DEL NORTE	TUBAY	Tagmamarkay		
AGUSAN DEL NORTE	TUBAY	Tagpangahoy		
AGUSAN DEL NORTE	TUBAY	Tinigbasan		
AGUSAN DEL NORTE	TUBAY	Victory		
SURIGAO DEL SUR	BAROBO	Amaga		
SURIGAO DEL SUR	BAROBO	Bahi		
SURIGAO DEL SUR	BAROBO	Cabacungan		
SURIGAO DEL SUR	BAROBO	Cambagang		
SURIGAO DEL SUR	BAROBO	Causwagan		
SURIGAO DEL SUR	BAROBO	Dapdap		
SURIGAO DEL SUR	BAROBO	Dughan		
SURIGAO DEL SUR	BAROBO	Gamut		
SURIGAO DEL SUR	BAROBO	Javier		
SURIGAO DEL SUR	BAROBO	Kinayan		
SURIGAO DEL SUR	BAROBO	Mamis		
SURIGAO DEL SUR	BAROBO	Poblacion		
SURIGAO DEL SUR	BAROBO	Rizal		
SURIGAO DEL SUR	BAROBO	San Jose		
SURIGAO DEL SUR	BAROBO	San Roque		
SURIGAO DEL SUR	BAROBO	San Vicente		
SURIGAO DEL SUR	BAROBO	Sua		
SURIGAO DEL SUR	BAROBO	Sudlon		
SURIGAO DEL SUR	BAROBO	Tambis		
SURIGAO DEL SUR	BAROBO	Unidad		
SURIGAO DEL SUR	BAROBO	Wakat		
SURIGAO DEL SUR	BAYABAS	Amag		
SURIGAO DEL SUR	BAYABAS	Balete		
SURIGAO DEL SUR	BAYABAS	Cabugo		
SURIGAO DEL SUR	BAYABAS	Cagbaoto		
SURIGAO DEL SUR	BAYABAS	La Paz		
SURIGAO DEL SUR	BAYABAS	Magobawok		
SURIGAO DEL SUR	BAYABAS	Panaosawon		
SURIGAO DEL SUR	BISLIG	Bucto		
SURIGAO DEL SUR	BISLIG	Burboanan		
SURIGAO DEL SUR	BISLIG	Caguyao		
SURIGAO DEL SUR	BISLIG	Coleto		
SURIGAO DEL SUR	BISLIG	Comawas		
SURIGAO DEL SUR	BISLIG	Kahayag		
SURIGAO DEL SUR	BISLIG	Labisma		
SURIGAO DEL SUR	BISLIG	Lawigan		
SURIGAO DEL SUR	BISLIG	Maharlika		
SURIGAO DEL SUR	BISLIG	Mangagoy		
SURIGAO DEL SUR	BISLIG	Mone		
SURIGAO DEL SUR	BISLIG	Pamanlinan		
SURIGAO DEL SUR	BISLIG	Pamaypayan		
SURIGAO DEL SUR	BISLIG	Poblacion		
SURIGAO DEL SUR	BISLIG	San Antonio		
SURIGAO DEL SUR	BISLIG	San Fernando		
SURIGAO DEL SUR	BISLIG	San Isidro		
SURIGAO DEL SUR	BISLIG	San Jose		
SURIGAO DEL SUR	BISLIG	San Roque		
SURIGAO DEL SUR	BISLIG	San Vicente		
SURIGAO DEL SUR	BISLIG	Santa Cruz		
SURIGAO DEL SUR	BISLIG	Sibaroy		
SURIGAO DEL SUR	BISLIG	Tabon		
SURIGAO DEL SUR	BISLIG	Tumanan		
SURIGAO DEL SUR	CAGWAIT	Aras-asan		
SURIGAO DEL SUR	CAGWAIT	Bacolod		
SURIGAO DEL SUR	CAGWAIT	Bitaugan East		
SURIGAO DEL SUR	CAGWAIT	Bitaugan West		
SURIGAO DEL SUR	CAGWAIT	La Purisima		
SURIGAO DEL SUR	CAGWAIT	Lactudan		
SURIGAO DEL SUR	CAGWAIT	Mat-e		
SURIGAO DEL SUR	CAGWAIT	Poblacion		
SURIGAO DEL SUR	CAGWAIT	Tawagan		
SURIGAO DEL SUR	CAGWAIT	Tubo-tubo		
SURIGAO DEL SUR	CAGWAIT	Unidad		
SURIGAO DEL SUR	CANTILAN	Bugsukan		
SURIGAO DEL SUR	CANTILAN	Buntalid		
SURIGAO DEL SUR	CANTILAN	Cabangahan		
SURIGAO DEL SUR	CANTILAN	Cabas-an		
SURIGAO DEL SUR	CANTILAN	Calagdaan		
SURIGAO DEL SUR	CANTILAN	Consuelo		
SURIGAO DEL SUR	CANTILAN	General Island		
SURIGAO DEL SUR	CANTILAN	Lininti-an		
SURIGAO DEL SUR	CANTILAN	Lobo		
SURIGAO DEL SUR	CANTILAN	Magasang		
SURIGAO DEL SUR	CANTILAN	Magosilom		
SURIGAO DEL SUR	CANTILAN	Pag-antayan		
SURIGAO DEL SUR	CANTILAN	Palasao		
SURIGAO DEL SUR	CANTILAN	Parang		
SURIGAO DEL SUR	CANTILAN	San Pedro		
SURIGAO DEL SUR	CANTILAN	Tapi		
SURIGAO DEL SUR	CANTILAN	Tigabong		
SURIGAO DEL SUR	CARMEN	Antao		
SURIGAO DEL SUR	CARMEN	Cancavan		
SURIGAO DEL SUR	CARMEN	Carmen		
SURIGAO DEL SUR	CARMEN	Esperanza		
SURIGAO DEL SUR	CARMEN	Hinapoyan		
SURIGAO DEL SUR	CARMEN	Puyat		
SURIGAO DEL SUR	CARMEN	San Vicente		
SURIGAO DEL SUR	CARMEN	Santa Cruz		
SURIGAO DEL SUR	CARRASCAL	Adlay		
SURIGAO DEL SUR	CARRASCAL	Babuyan		
SURIGAO DEL SUR	CARRASCAL	Bacolod		
SURIGAO DEL SUR	CARRASCAL	Baybay		
SURIGAO DEL SUR	CARRASCAL	Bon-ot		
SURIGAO DEL SUR	CARRASCAL	Caglayag		
SURIGAO DEL SUR	CARRASCAL	Dahican		
SURIGAO DEL SUR	CARRASCAL	Doyos		
SURIGAO DEL SUR	CARRASCAL	Embarcadero		
SURIGAO DEL SUR	CARRASCAL	Gamuton		
SURIGAO DEL SUR	CARRASCAL	Panikian		
SURIGAO DEL SUR	CARRASCAL	Pantukan		
SURIGAO DEL SUR	CARRASCAL	Saca		
SURIGAO DEL SUR	CARRASCAL	Tag-Anito		
SURIGAO DEL SUR	CORTES	Balibadon		
SURIGAO DEL SUR	CORTES	Burgos		
SURIGAO DEL SUR	CORTES	Capandan		
SURIGAO DEL SUR	CORTES	Mabahin		
SURIGAO DEL SUR	CORTES	Madrelino		
SURIGAO DEL SUR	CORTES	Manlico		
SURIGAO DEL SUR	CORTES	Matho		
SURIGAO DEL SUR	CORTES	Poblacion		
SURIGAO DEL SUR	CORTES	Tag-anongan		
SURIGAO DEL SUR	CORTES	Tigao		
SURIGAO DEL SUR	CORTES	Tuboran		
SURIGAO DEL SUR	CORTES	Uba		
SURIGAO DEL SUR	HINATUAN	Baculin		
SURIGAO DEL SUR	HINATUAN	Benigno Aquino		
SURIGAO DEL SUR	HINATUAN	Bigaan		
SURIGAO DEL SUR	HINATUAN	Cambatong		
SURIGAO DEL SUR	HINATUAN	Campa		
SURIGAO DEL SUR	HINATUAN	Dugmanon		
SURIGAO DEL SUR	HINATUAN	Harip		
SURIGAO DEL SUR	HINATUAN	La Casa		
SURIGAO DEL SUR	HINATUAN	Loyola		
SURIGAO DEL SUR	HINATUAN	Maligaya		
SURIGAO DEL SUR	HINATUAN	Pagtigni-an		
SURIGAO DEL SUR	HINATUAN	Pocto		
SURIGAO DEL SUR	HINATUAN	Port Lamon		
SURIGAO DEL SUR	HINATUAN	Roxas		
SURIGAO DEL SUR	HINATUAN	San Juan		
SURIGAO DEL SUR	HINATUAN	Sasa		
SURIGAO DEL SUR	HINATUAN	Tagasaka		
SURIGAO DEL SUR	HINATUAN	Tagbobonga		
SURIGAO DEL SUR	HINATUAN	Talisay		
SURIGAO DEL SUR	HINATUAN	Tarusan		
SURIGAO DEL SUR	HINATUAN	Tidman		
SURIGAO DEL SUR	HINATUAN	Tiwi		
SURIGAO DEL SUR	HINATUAN	Zone II		
SURIGAO DEL SUR	HINATUAN	Zone III Maharlika		
SURIGAO DEL SUR	LANUZA	Agsam		
SURIGAO DEL SUR	LANUZA	Bocawe		
SURIGAO DEL SUR	LANUZA	Bunga		
SURIGAO DEL SUR	LANUZA	Gamuton		
SURIGAO DEL SUR	LANUZA	Habag		
SURIGAO DEL SUR	LANUZA	Mampi		
SURIGAO DEL SUR	LANUZA	Nurcia		
SURIGAO DEL SUR	LANUZA	Pakwan		
SURIGAO DEL SUR	LANUZA	Sibahay		
SURIGAO DEL SUR	LANUZA	Zone I		
SURIGAO DEL SUR	LANUZA	Zone II		
SURIGAO DEL SUR	LANUZA	Zone III		
SURIGAO DEL SUR	LANUZA	Zone IV		
SURIGAO DEL SUR	LIANGA	Anibongan		
SURIGAO DEL SUR	LIANGA	Banahao		
SURIGAO DEL SUR	LIANGA	Ban-as		
SURIGAO DEL SUR	LIANGA	Baucawe		
SURIGAO DEL SUR	LIANGA	Diatagon		
SURIGAO DEL SUR	LIANGA	Ganayon		
SURIGAO DEL SUR	LIANGA	Liatimco		
SURIGAO DEL SUR	LIANGA	Manyayay		
SURIGAO DEL SUR	LIANGA	Payasan		
SURIGAO DEL SUR	LIANGA	Poblacion		
SURIGAO DEL SUR	LIANGA	Saint Christine		
SURIGAO DEL SUR	LIANGA	San Isidro		
SURIGAO DEL SUR	LIANGA	San Pedro		
SURIGAO DEL SUR	LINGIG	Anibongan		
SURIGAO DEL SUR	LINGIG	Barcelona		
SURIGAO DEL SUR	LINGIG	Bogak		
SURIGAO DEL SUR	LINGIG	Bongan		
SURIGAO DEL SUR	LINGIG	Handamayan		
SURIGAO DEL SUR	LINGIG	Mahayahay		
SURIGAO DEL SUR	LINGIG	Mandus		
SURIGAO DEL SUR	LINGIG	Mansa-ilao		
SURIGAO DEL SUR	LINGIG	Pagtila-an		
SURIGAO DEL SUR	LINGIG	Palo Alto		
SURIGAO DEL SUR	LINGIG	Poblacion		
SURIGAO DEL SUR	LINGIG	Rajah Cabungso-an		
SURIGAO DEL SUR	LINGIG	Sabang		
SURIGAO DEL SUR	LINGIG	Salvacion		
SURIGAO DEL SUR	LINGIG	San Roque		
SURIGAO DEL SUR	LINGIG	Tagpoporan		
SURIGAO DEL SUR	LINGIG	Union		
SURIGAO DEL SUR	LINGIG	Valencia		
SURIGAO DEL SUR	MADRID	Bagsac		
SURIGAO DEL SUR	MADRID	Bayogo		
SURIGAO DEL SUR	MADRID	Linibonan		
SURIGAO DEL SUR	MADRID	Magsaysay		
SURIGAO DEL SUR	MADRID	Manga		
SURIGAO DEL SUR	MADRID	Panayogon		
SURIGAO DEL SUR	MADRID	Patong Patong		
SURIGAO DEL SUR	MADRID	Quirino		
SURIGAO DEL SUR	MADRID	San Antonio		
SURIGAO DEL SUR	MADRID	San Juan		
SURIGAO DEL SUR	MADRID	San Roque		
SURIGAO DEL SUR	MADRID	San Vicente		
SURIGAO DEL SUR	MADRID	Songkit		
SURIGAO DEL SUR	MADRID	Union		
SURIGAO DEL SUR	Marihatag	Alegria		
SURIGAO DEL SUR	Marihatag	Amontay		
SURIGAO DEL SUR	Marihatag	Antipolo		
SURIGAO DEL SUR	Marihatag	Arorogan		
SURIGAO DEL SUR	Marihatag	Bayan		
SURIGAO DEL SUR	Marihatag	Mahaba		
SURIGAO DEL SUR	Marihatag	Mararag		
SURIGAO DEL SUR	Marihatag	Poblacion		
SURIGAO DEL SUR	Marihatag	San Antonio		
SURIGAO DEL SUR	Marihatag	San Isidro		
SURIGAO DEL SUR	Marihatag	San Pedro		
SURIGAO DEL SUR	Marihatag	Santa Cruz		
SURIGAO DEL SUR	San Agustin 	Bretania		
SURIGAO DEL SUR	San Agustin 	Buatong		
SURIGAO DEL SUR	San Agustin 	Buhisan		
SURIGAO DEL SUR	San Agustin 	Gata		
SURIGAO DEL SUR	San Agustin 	Hornasan		
SURIGAO DEL SUR	San Agustin 	Janipaan		
SURIGAO DEL SUR	San Agustin 	Kauswagan		
SURIGAO DEL SUR	San Agustin 	Oteiza		
SURIGAO DEL SUR	San Agustin 	Poblacion		
SURIGAO DEL SUR	San Agustin 	Pong-on		
SURIGAO DEL SUR	San Agustin 	Pongtod		
SURIGAO DEL SUR	San Agustin 	Salvacion		
SURIGAO DEL SUR	San Agustin 	Santo Niño		
SURIGAO DEL SUR	San Miguel	Bagyang		
SURIGAO DEL SUR	San Miguel	Baras		
SURIGAO DEL SUR	San Miguel	Bitaugan		
SURIGAO DEL SUR	San Miguel	Bolhoon		
SURIGAO DEL SUR	San Miguel	Calatngan		
SURIGAO DEL SUR	San Miguel	Carromata		
SURIGAO DEL SUR	San Miguel	Castillo		
SURIGAO DEL SUR	San Miguel	Libas Gua		
SURIGAO DEL SUR	San Miguel	Libas Sud		
SURIGAO DEL SUR	San Miguel	Magroyong		
SURIGAO DEL SUR	San Miguel	Mahayag		
SURIGAO DEL SUR	San Miguel	Patong		
SURIGAO DEL SUR	San Miguel	Poblacion		
SURIGAO DEL SUR	San Miguel	Sagbayan		
SURIGAO DEL SUR	San Miguel	San Roque		
SURIGAO DEL SUR	San Miguel	Siagao		
SURIGAO DEL SUR	San Miguel	Tina		
SURIGAO DEL SUR	San Miguel	Umalag		
SURIGAO DEL SUR	TAGBINA	Batunan		
SURIGAO DEL SUR	TAGBINA	Carpenito		
SURIGAO DEL SUR	TAGBINA	Doña Carmen		
SURIGAO DEL SUR	TAGBINA	Hinagdanan		
SURIGAO DEL SUR	TAGBINA	Kahayagan		
SURIGAO DEL SUR	TAGBINA	Lago		
SURIGAO DEL SUR	TAGBINA	Maglambing		
SURIGAO DEL SUR	TAGBINA	Maglatab		
SURIGAO DEL SUR	TAGBINA	Magsaysay		
SURIGAO DEL SUR	TAGBINA	Malixi		
SURIGAO DEL SUR	TAGBINA	Manambia		
SURIGAO DEL SUR	TAGBINA	Osmeña		
SURIGAO DEL SUR	TAGBINA	Poblacion		
SURIGAO DEL SUR	TAGBINA	Quezon		
SURIGAO DEL SUR	TAGBINA	San Vicente		
SURIGAO DEL SUR	TAGBINA	Santa Cruz		
SURIGAO DEL SUR	TAGBINA	Santa Fe		
SURIGAO DEL SUR	TAGBINA	Santa Juana		
SURIGAO DEL SUR	TAGBINA	Santa Maria		
SURIGAO DEL SUR	TAGBINA	Sayon		
SURIGAO DEL SUR	TAGBINA	Soriano		
SURIGAO DEL SUR	TAGBINA	Tagongon		
SURIGAO DEL SUR	TAGBINA	Trinidad		
SURIGAO DEL SUR	TAGBINA	Ugoban		
SURIGAO DEL SUR	TAGBINA	Villaverde		
SURIGAO DEL SUR	TAGO	Alba		
SURIGAO DEL SUR	TAGO	Anahao Bag-o		
SURIGAO DEL SUR	TAGO	Anahao Daan		
SURIGAO DEL SUR	TAGO	Badong		
SURIGAO DEL SUR	TAGO	Bajao		
SURIGAO DEL SUR	TAGO	Bangsud		
SURIGAO DEL SUR	TAGO	Cabangahan		
SURIGAO DEL SUR	TAGO	Cagdapao		
SURIGAO DEL SUR	TAGO	Camagong		
SURIGAO DEL SUR	TAGO	Caras-an		
SURIGAO DEL SUR	TAGO	Cayale		
SURIGAO DEL SUR	TAGO	Dayo-an		
SURIGAO DEL SUR	TAGO	Gamut		
SURIGAO DEL SUR	TAGO	Jubang		
SURIGAO DEL SUR	TAGO	Kinabigtasan		
SURIGAO DEL SUR	TAGO	Layog		
SURIGAO DEL SUR	TAGO	Lindoy		
SURIGAO DEL SUR	TAGO	Mercedes		
SURIGAO DEL SUR	TAGO	Purisima		
SURIGAO DEL SUR	TAGO	Sumo-sumo		
SURIGAO DEL SUR	TAGO	Umbay		
SURIGAO DEL SUR	TAGO	Unaban		
SURIGAO DEL SUR	TAGO	Unidos		
SURIGAO DEL SUR	TAGO	Victoria		
SURIGAO DEL SUR	TANDAG	Awasian		
SURIGAO DEL SUR	TANDAG	Bagong Lungsod		
SURIGAO DEL SUR	TANDAG	Bioto		
SURIGAO DEL SUR	TANDAG	Bongtod Poblacion		
SURIGAO DEL SUR	TANDAG	Buenavista		
SURIGAO DEL SUR	TANDAG	Dagocdoc		
SURIGAO DEL SUR	TANDAG	Mabua		
SURIGAO DEL SUR	TANDAG	Mabuhay		
SURIGAO DEL SUR	TANDAG	Maitum		
SURIGAO DEL SUR	TANDAG	Maticdum		
SURIGAO DEL SUR	TANDAG	Pandanon		
SURIGAO DEL SUR	TANDAG	Pangi		
SURIGAO DEL SUR	TANDAG	Quezon		
SURIGAO DEL SUR	TANDAG	Rosario		
SURIGAO DEL SUR	TANDAG	Salvacion		
SURIGAO DEL SUR	TANDAG	San Agustin Norte		
SURIGAO DEL SUR	TANDAG	San Agustin Sur		
SURIGAO DEL SUR	TANDAG	San Antonio		
SURIGAO DEL SUR	TANDAG	San Isidro		
SURIGAO DEL SUR	TANDAG	San Jose		
SURIGAO DEL SUR	TANDAG	Telaje		
SURIGAO DEL NORTE	ALEGRIA	Alipao		
SURIGAO DEL NORTE	ALEGRIA	Anahaw		
SURIGAO DEL NORTE	ALEGRIA	Budlingin		
SURIGAO DEL NORTE	ALEGRIA	Camp Eduard		
SURIGAO DEL NORTE	ALEGRIA	Ferlda		
SURIGAO DEL NORTE	ALEGRIA	Gamuton		
SURIGAO DEL NORTE	ALEGRIA	Julio Ouano		
SURIGAO DEL NORTE	ALEGRIA	Ombong		
SURIGAO DEL NORTE	ALEGRIA	Poblacion		
SURIGAO DEL NORTE	ALEGRIA	Pongtud		
SURIGAO DEL NORTE	ALEGRIA	San Juan		
SURIGAO DEL NORTE	ALEGRIA	San Pedro		
SURIGAO DEL NORTE	Bacuag 	Cabugao		
SURIGAO DEL NORTE	Bacuag 	Cambuayon		
SURIGAO DEL NORTE	Bacuag 	Campo		
SURIGAO DEL NORTE	Bacuag 	Dugsangon		
SURIGAO DEL NORTE	Bacuag 	Pautao		
SURIGAO DEL NORTE	Bacuag 	Payapag		
SURIGAO DEL NORTE	Bacuag 	Poblacion		
SURIGAO DEL NORTE	Bacuag 	Pungtod		
SURIGAO DEL NORTE	Bacuag 	Santo Rosario		
SURIGAO DEL NORTE	BURGOS	Baybay		
SURIGAO DEL NORTE	BURGOS	Bitaug		
SURIGAO DEL NORTE	BURGOS	Matin-ao		
SURIGAO DEL NORTE	BURGOS	Poblacion 1		
SURIGAO DEL NORTE	BURGOS	Poblacion 2		
SURIGAO DEL NORTE	BURGOS	San Mateo		
SURIGAO DEL NORTE	CLAVER	Bagakay		
SURIGAO DEL NORTE	CLAVER	Cabugo		
SURIGAO DEL NORTE	CLAVER	Cagdianao		
SURIGAO DEL NORTE	CLAVER	Daywan		
SURIGAO DEL NORTE	CLAVER	Hayanggabon		
SURIGAO DEL NORTE	CLAVER	Ladgaron		
SURIGAO DEL NORTE	CLAVER	Lapinigan		
SURIGAO DEL NORTE	CLAVER	Magallanes		
SURIGAO DEL NORTE	CLAVER	Panatao		
SURIGAO DEL NORTE	CLAVER	Sapa		
SURIGAO DEL NORTE	CLAVER	Taganito		
SURIGAO DEL NORTE	CLAVER	Tayaga		
SURIGAO DEL NORTE	CLAVER	Urbiztondo		
SURIGAO DEL NORTE	CLAVER	Wangke		
SURIGAO DEL NORTE	DAPA	Bagakay		
SURIGAO DEL NORTE	DAPA	Barangay 1		
SURIGAO DEL NORTE	DAPA	Barangay 10		
SURIGAO DEL NORTE	DAPA	Barangay 11		
SURIGAO DEL NORTE	DAPA	Barangay 12		
SURIGAO DEL NORTE	DAPA	Barangay 13		
SURIGAO DEL NORTE	DAPA	Barangay 2		
SURIGAO DEL NORTE	DAPA	Barangay 3		
SURIGAO DEL NORTE	DAPA	Barangay 4		
SURIGAO DEL NORTE	DAPA	Barangay 5		
SURIGAO DEL NORTE	DAPA	Barangay 6		
SURIGAO DEL NORTE	DAPA	Barangay 7		
SURIGAO DEL NORTE	DAPA	Barangay 8		
SURIGAO DEL NORTE	DAPA	Barangay 9		
SURIGAO DEL NORTE	DAPA	Buenavista		
SURIGAO DEL NORTE	DAPA	Cabawa		
SURIGAO DEL NORTE	DAPA	Cambas-ac		
SURIGAO DEL NORTE	DAPA	Consolacion		
SURIGAO DEL NORTE	DAPA	Corregidor		
SURIGAO DEL NORTE	DAPA	Dagohoy		
SURIGAO DEL NORTE	DAPA	Don Paulino		
SURIGAO DEL NORTE	DAPA	Jubang		
SURIGAO DEL NORTE	DAPA	Montserrat		
SURIGAO DEL NORTE	DAPA	Osmeña		
SURIGAO DEL NORTE	DAPA	San Carlos		
SURIGAO DEL NORTE	DAPA	San Miguel		
SURIGAO DEL NORTE	DAPA	Santa Fe		
SURIGAO DEL NORTE	DAPA	Santa Felomina		
SURIGAO DEL NORTE	DAPA	Union		
SURIGAO DEL NORTE	DEL CARMEN	Antipolo		
SURIGAO DEL NORTE	DEL CARMEN	Bagakay		
SURIGAO DEL NORTE	DEL CARMEN	Bitoon		
SURIGAO DEL NORTE	DEL CARMEN	Cabugao		
SURIGAO DEL NORTE	DEL CARMEN	Cancohoy		
SURIGAO DEL NORTE	DEL CARMEN	Caub		
SURIGAO DEL NORTE	DEL CARMEN	Del Carmen		
SURIGAO DEL NORTE	DEL CARMEN	Domoyog		
SURIGAO DEL NORTE	DEL CARMEN	Esperanza		
SURIGAO DEL NORTE	DEL CARMEN	Halian		
SURIGAO DEL NORTE	DEL CARMEN	Jamoyaon		
SURIGAO DEL NORTE	DEL CARMEN	Katipunan		
SURIGAO DEL NORTE	DEL CARMEN	Lobogon		
SURIGAO DEL NORTE	DEL CARMEN	Mabuhay		
SURIGAO DEL NORTE	DEL CARMEN	Mahayahay		
SURIGAO DEL NORTE	DEL CARMEN	Quezon		
SURIGAO DEL NORTE	DEL CARMEN	San Fernando		
SURIGAO DEL NORTE	DEL CARMEN	San Jose		
SURIGAO DEL NORTE	DEL CARMEN	Sayak		
SURIGAO DEL NORTE	DEL CARMEN	Tuboran		
SURIGAO DEL NORTE	GENERAL LUNA	Anajawan		
SURIGAO DEL NORTE	GENERAL LUNA	Cabitoonan		
SURIGAO DEL NORTE	GENERAL LUNA	Catangnan		
SURIGAO DEL NORTE	GENERAL LUNA	Consuelo		
SURIGAO DEL NORTE	GENERAL LUNA	Corazon		
SURIGAO DEL NORTE	GENERAL LUNA	Daku		
SURIGAO DEL NORTE	GENERAL LUNA	La Januza		
SURIGAO DEL NORTE	GENERAL LUNA	Libertad		
SURIGAO DEL NORTE	GENERAL LUNA	Magsaysay		
SURIGAO DEL NORTE	GENERAL LUNA	Malinao		
SURIGAO DEL NORTE	GENERAL LUNA	Poblacion I		
SURIGAO DEL NORTE	GENERAL LUNA	Poblacion II		
SURIGAO DEL NORTE	GENERAL LUNA	Poblacion III		
SURIGAO DEL NORTE	GENERAL LUNA	Poblacion IV		
SURIGAO DEL NORTE	GENERAL LUNA	Poblacion V		
SURIGAO DEL NORTE	GENERAL LUNA	Santa Cruz		
SURIGAO DEL NORTE	GENERAL LUNA	Santa Fe		
SURIGAO DEL NORTE	GENERAL LUNA	Suyangan		
SURIGAO DEL NORTE	GENERAL LUNA	Tawin-tawin		
SURIGAO DEL NORTE	Gigaquit	Alambique		
SURIGAO DEL NORTE	Gigaquit	Anibongan		
SURIGAO DEL NORTE	Gigaquit	Camam-onan		
SURIGAO DEL NORTE	Gigaquit	Cam-boayon		
SURIGAO DEL NORTE	Gigaquit	Ipil		
SURIGAO DEL NORTE	Gigaquit	Lahi		
SURIGAO DEL NORTE	Gigaquit	Mahanub		
SURIGAO DEL NORTE	Gigaquit	Poniente		
SURIGAO DEL NORTE	Gigaquit	San Antonio		
SURIGAO DEL NORTE	Gigaquit	San Isidro		
SURIGAO DEL NORTE	Gigaquit	Sico-sico		
SURIGAO DEL NORTE	Gigaquit	Villaflor		
SURIGAO DEL NORTE	Gigaquit	Villafranca		
SURIGAO DEL NORTE	MAINIT	Binga		
SURIGAO DEL NORTE	MAINIT	Bobona-on		
SURIGAO DEL NORTE	MAINIT	Cantugas		
SURIGAO DEL NORTE	MAINIT	Dayano		
SURIGAO DEL NORTE	MAINIT	Mabini		
SURIGAO DEL NORTE	MAINIT	Magpayang		
SURIGAO DEL NORTE	MAINIT	Magsaysay		
SURIGAO DEL NORTE	MAINIT	Mansayao		
SURIGAO DEL NORTE	MAINIT	Marayag		
SURIGAO DEL NORTE	MAINIT	Matin-ao		
SURIGAO DEL NORTE	MAINIT	Paco		
SURIGAO DEL NORTE	MAINIT	Quezon		
SURIGAO DEL NORTE	MAINIT	Roxas		
SURIGAO DEL NORTE	MAINIT	San Francisco		
SURIGAO DEL NORTE	MAINIT	San Isidro		
SURIGAO DEL NORTE	MAINIT	San Jose		
SURIGAO DEL NORTE	MAINIT	Siana		
SURIGAO DEL NORTE	MAINIT	Silop		
SURIGAO DEL NORTE	MAINIT	Tagbuyawan		
SURIGAO DEL NORTE	MAINIT	Tapi-an		
SURIGAO DEL NORTE	MAINIT	Tolingon		
SURIGAO DEL NORTE	MALIMONO	Bunyasan		
SURIGAO DEL NORTE	MALIMONO	Cagtinae		
SURIGAO DEL NORTE	MALIMONO	Can-aga		
SURIGAO DEL NORTE	MALIMONO	Cansayong		
SURIGAO DEL NORTE	MALIMONO	Cantapoy		
SURIGAO DEL NORTE	MALIMONO	Cayawan		
SURIGAO DEL NORTE	MALIMONO	Doro		
SURIGAO DEL NORTE	MALIMONO	Hanagdong		
SURIGAO DEL NORTE	MALIMONO	Karihatag		
SURIGAO DEL NORTE	MALIMONO	Masgad		
SURIGAO DEL NORTE	MALIMONO	Pili		
SURIGAO DEL NORTE	MALIMONO	San Isidro		
SURIGAO DEL NORTE	MALIMONO	Tinago		
SURIGAO DEL NORTE	MALIMONO	Villariza		
SURIGAO DEL NORTE	PILAR	Asinan		
SURIGAO DEL NORTE	PILAR	Caridad		
SURIGAO DEL NORTE	PILAR	Centro		
SURIGAO DEL NORTE	PILAR	Consolacion		
SURIGAO DEL NORTE	PILAR	Datu		
SURIGAO DEL NORTE	PILAR	Dayaohay		
SURIGAO DEL NORTE	PILAR	Jaboy		
SURIGAO DEL NORTE	PILAR	Katipunan		
SURIGAO DEL NORTE	PILAR	Maasin		
SURIGAO DEL NORTE	PILAR	Mabini		
SURIGAO DEL NORTE	PILAR	Mabuhay		
SURIGAO DEL NORTE	PILAR	Pilaring		
SURIGAO DEL NORTE	PILAR	Punta		
SURIGAO DEL NORTE	PILAR	Salvacion		
SURIGAO DEL NORTE	PILAR	San Roque		
SURIGAO DEL NORTE	PLACER	Amoslog		
SURIGAO DEL NORTE	PLACER	Anislagan		
SURIGAO DEL NORTE	PLACER	Bad-as		
SURIGAO DEL NORTE	PLACER	Boyongan		
SURIGAO DEL NORTE	PLACER	Bugas-bugas		
SURIGAO DEL NORTE	PLACER	Central		
SURIGAO DEL NORTE	PLACER	Ellaperal		
SURIGAO DEL NORTE	PLACER	Ipil		
SURIGAO DEL NORTE	PLACER	Lakandula		
SURIGAO DEL NORTE	PLACER	Mabini		
SURIGAO DEL NORTE	PLACER	Macalaya		
SURIGAO DEL NORTE	PLACER	Magsaysay		
SURIGAO DEL NORTE	PLACER	Magupange		
SURIGAO DEL NORTE	PLACER	Pananay-an		
SURIGAO DEL NORTE	PLACER	Panhutongan		
SURIGAO DEL NORTE	PLACER	San Isidro		
SURIGAO DEL NORTE	PLACER	Sani-sani		
SURIGAO DEL NORTE	PLACER	Santa Cruz		
SURIGAO DEL NORTE	PLACER	Suyoc		
SURIGAO DEL NORTE	PLACER	Tagbongabong		
SURIGAO DEL NORTE	SAN BENITO	Bongdo		
SURIGAO DEL NORTE	SAN BENITO	Maribojoc		
SURIGAO DEL NORTE	SAN BENITO	Nuevo Campo		
SURIGAO DEL NORTE	SAN BENITO	San Juan		
SURIGAO DEL NORTE	SAN BENITO	Santa Cruz		
SURIGAO DEL NORTE	SAN BENITO	Talisay		
SURIGAO DEL NORTE	San Francisco	Amontay		
SURIGAO DEL NORTE	San Francisco	Balite		
SURIGAO DEL NORTE	San Francisco	Banbanon		
SURIGAO DEL NORTE	San Francisco	Diaz		
SURIGAO DEL NORTE	San Francisco	Honrado		
SURIGAO DEL NORTE	San Francisco	Jubgan		
SURIGAO DEL NORTE	San Francisco	Linongganan		
SURIGAO DEL NORTE	San Francisco	Macopa		
SURIGAO DEL NORTE	San Francisco	Magtangale		
SURIGAO DEL NORTE	San Francisco	Oslao		
SURIGAO DEL NORTE	San Francisco	Poblacion		
SURIGAO DEL NORTE	San Isidro	Buhing Calipay		
SURIGAO DEL NORTE	San Isidro	Del Carmen		
SURIGAO DEL NORTE	San Isidro	Del Pilar		
SURIGAO DEL NORTE	San Isidro	Macapagal		
SURIGAO DEL NORTE	San Isidro	Pacifico		
SURIGAO DEL NORTE	San Isidro	Pelaez		
SURIGAO DEL NORTE	San Isidro	Roxas		
SURIGAO DEL NORTE	San Isidro	San Miguel		
SURIGAO DEL NORTE	San Isidro	Santa Paz		
SURIGAO DEL NORTE	San Isidro	Santo Niño		
SURIGAO DEL NORTE	San Isidro	Tambacan		
SURIGAO DEL NORTE	San Isidro	Tigasao		
SURIGAO DEL NORTE	Santa Monica	Abad Santos		
SURIGAO DEL NORTE	Santa Monica	Alegria		
SURIGAO DEL NORTE	Santa Monica	Bailan		
SURIGAO DEL NORTE	Santa Monica	Garcia		
SURIGAO DEL NORTE	Santa Monica	Libertad		
SURIGAO DEL NORTE	Santa Monica	Mabini		
SURIGAO DEL NORTE	Santa Monica	Mabuhay		
SURIGAO DEL NORTE	Santa Monica	Magsaysay		
SURIGAO DEL NORTE	Santa Monica	Rizal		
SURIGAO DEL NORTE	Santa Monica	T. Arlan		
SURIGAO DEL NORTE	Santa Monica	Tangbo		
SURIGAO DEL NORTE	Sison	Biyabid		
SURIGAO DEL NORTE	Sison	Gacepan		
SURIGAO DEL NORTE	Sison	Ima		
SURIGAO DEL NORTE	Sison	Lower Patag		
SURIGAO DEL NORTE	Sison	Mabuhay		
SURIGAO DEL NORTE	Sison	Mayag		
SURIGAO DEL NORTE	Sison	Poblacion		
SURIGAO DEL NORTE	Sison	San Isidro		
SURIGAO DEL NORTE	Sison	San Pablo		
SURIGAO DEL NORTE	Sison	Tagbayani		
SURIGAO DEL NORTE	Sison	Tinogpahan		
SURIGAO DEL NORTE	Sison	Upper Patag		
SURIGAO DEL NORTE	Socorro	Albino Taruc		
SURIGAO DEL NORTE	Socorro	Del Pilar		
SURIGAO DEL NORTE	Socorro	Helene		
SURIGAO DEL NORTE	Socorro	Honrado		
SURIGAO DEL NORTE	Socorro	Navarro		
SURIGAO DEL NORTE	Socorro	Nueva Estrella		
SURIGAO DEL NORTE	Socorro	Pamosaingan		
SURIGAO DEL NORTE	Socorro	Rizal		
SURIGAO DEL NORTE	Socorro	Salog		
SURIGAO DEL NORTE	Socorro	San Roque		
SURIGAO DEL NORTE	Socorro	Santa Cruz		
SURIGAO DEL NORTE	Socorro	Sering		
SURIGAO DEL NORTE	Socorro	Songkoy		
SURIGAO DEL NORTE	Socorro	Sudlon		
SURIGAO DEL NORTE	SURIGAO CITY	Alang-alang		
SURIGAO DEL NORTE	SURIGAO CITY	Alegria		
SURIGAO DEL NORTE	SURIGAO CITY	Anomar		
SURIGAO DEL NORTE	SURIGAO CITY	Aurora		
SURIGAO DEL NORTE	SURIGAO CITY	Balibayon		
SURIGAO DEL NORTE	SURIGAO CITY	Baybay		
SURIGAO DEL NORTE	SURIGAO CITY	Bilabid		
SURIGAO DEL NORTE	SURIGAO CITY	Bitaugan		
SURIGAO DEL NORTE	SURIGAO CITY	Bonifacio		
SURIGAO DEL NORTE	SURIGAO CITY	Buenavista		
SURIGAO DEL NORTE	SURIGAO CITY	Cabongbongan		
SURIGAO DEL NORTE	SURIGAO CITY	Cagniog		
SURIGAO DEL NORTE	SURIGAO CITY	Cagutsan		
SURIGAO DEL NORTE	SURIGAO CITY	Canlanipa		
SURIGAO DEL NORTE	SURIGAO CITY	Cantiasay		
SURIGAO DEL NORTE	SURIGAO CITY	Capalayan		
SURIGAO DEL NORTE	SURIGAO CITY	Catadman		
SURIGAO DEL NORTE	SURIGAO CITY	Danao		
SURIGAO DEL NORTE	SURIGAO CITY	Danawan		
SURIGAO DEL NORTE	SURIGAO CITY	Day-asan		
SURIGAO DEL NORTE	SURIGAO CITY	Ipil		
SURIGAO DEL NORTE	SURIGAO CITY	Libuac		
SURIGAO DEL NORTE	SURIGAO CITY	Lipata		
SURIGAO DEL NORTE	SURIGAO CITY	Lisondra		
SURIGAO DEL NORTE	SURIGAO CITY	Luna		
SURIGAO DEL NORTE	SURIGAO CITY	Mabini		
SURIGAO DEL NORTE	SURIGAO CITY	Mabua		
SURIGAO DEL NORTE	SURIGAO CITY	Manyagao		
SURIGAO DEL NORTE	SURIGAO CITY	Mapawa		
SURIGAO DEL NORTE	SURIGAO CITY	Mat-i		
SURIGAO DEL NORTE	SURIGAO CITY	Nabago		
SURIGAO DEL NORTE	SURIGAO CITY	Nonoc		
SURIGAO DEL NORTE	SURIGAO CITY	Orok		
SURIGAO DEL NORTE	SURIGAO CITY	Poctoy		
SURIGAO DEL NORTE	SURIGAO CITY	Punta Bilar		
SURIGAO DEL NORTE	SURIGAO CITY	Quezon		
SURIGAO DEL NORTE	SURIGAO CITY	Rizal		
SURIGAO DEL NORTE	SURIGAO CITY	Sabang		
SURIGAO DEL NORTE	SURIGAO CITY	San Isidro		
SURIGAO DEL NORTE	SURIGAO CITY	San Jose		
SURIGAO DEL NORTE	SURIGAO CITY	San Juan		
SURIGAO DEL NORTE	SURIGAO CITY	San Pedro		
SURIGAO DEL NORTE	SURIGAO CITY	San Roque		
SURIGAO DEL NORTE	SURIGAO CITY	Serna		
SURIGAO DEL NORTE	SURIGAO CITY	Sidlakan		
SURIGAO DEL NORTE	SURIGAO CITY	Silop		
SURIGAO DEL NORTE	SURIGAO CITY	Sugbay		
SURIGAO DEL NORTE	SURIGAO CITY	Sukailang		
SURIGAO DEL NORTE	SURIGAO CITY	Taft		
SURIGAO DEL NORTE	SURIGAO CITY	Talisay		
SURIGAO DEL NORTE	SURIGAO CITY	Togbongon		
SURIGAO DEL NORTE	SURIGAO CITY	Trinidad		
SURIGAO DEL NORTE	SURIGAO CITY	Washington		
SURIGAO DEL NORTE	SURIGAO CITY	Zaragoza		
SURIGAO DEL NORTE	Tagana-an	Aurora		
SURIGAO DEL NORTE	Tagana-an	Azucena		
SURIGAO DEL NORTE	Tagana-an	Banban		
SURIGAO DEL NORTE	Tagana-an	Cawilan		
SURIGAO DEL NORTE	Tagana-an	Fabio		
SURIGAO DEL NORTE	Tagana-an	Himamaug		
SURIGAO DEL NORTE	Tagana-an	Laurel		
SURIGAO DEL NORTE	Tagana-an	Lower Libas		
SURIGAO DEL NORTE	Tagana-an	Opong		
SURIGAO DEL NORTE	Tagana-an	Patino		
SURIGAO DEL NORTE	Tagana-an	Sampaguita		
SURIGAO DEL NORTE	Tagana-an	Talavera		
SURIGAO DEL NORTE	Tagana-an	Union		
SURIGAO DEL NORTE	Tagana-an	Upper Libas		
SURIGAO DEL NORTE	TUBOD	Capayahan		
SURIGAO DEL NORTE	TUBOD	Cawilan		
SURIGAO DEL NORTE	TUBOD	Del Rosario		
SURIGAO DEL NORTE	TUBOD	Marga		
SURIGAO DEL NORTE	TUBOD	Motorpool		
SURIGAO DEL NORTE	TUBOD	Poblacion		
SURIGAO DEL NORTE	TUBOD	San Isidro		
SURIGAO DEL NORTE	TUBOD	San Pablo		
SURIGAO DEL NORTE	TUBOD	Timamana		
MISAMIS ORIENTAL	Magsaysay 	Abunda		
MISAMIS ORIENTAL	Magsaysay 	Artadi		
MISAMIS ORIENTAL	Magsaysay 	Bonifacio Aquino		
MISAMIS ORIENTAL	Magsaysay 	Cabalawan		
MISAMIS ORIENTAL	Magsaysay 	Cabantian		
MISAMIS ORIENTAL	Magsaysay 	Cabubuhan		
MISAMIS ORIENTAL	Magsaysay 	Candiis		
MISAMIS ORIENTAL	Magsaysay 	Consuelo		
MISAMIS ORIENTAL	Magsaysay 	Damayuhan		
MISAMIS ORIENTAL	Magsaysay 	Gumabon		
MISAMIS ORIENTAL	Magsaysay 	Katipunan		
MISAMIS ORIENTAL	Magsaysay 	Kauswagan		
MISAMIS ORIENTAL	Magsaysay 	Kibungsod		
MISAMIS ORIENTAL	Magsaysay 	Mahayahay		
MISAMIS ORIENTAL	Magsaysay 	Mindulao		
MISAMIS ORIENTAL	Magsaysay 	Pag-asa		
MISAMIS ORIENTAL	Magsaysay 	Poblacion		
MISAMIS ORIENTAL	Magsaysay 	San Isidro		
MISAMIS ORIENTAL	Magsaysay 	San Vicente		
MISAMIS ORIENTAL	Magsaysay 	Santa Cruz		
MISAMIS ORIENTAL	Magsaysay 	Tama		
MISAMIS ORIENTAL	Magsaysay 	Tibon-tibon		
MISAMIS ORIENTAL	Magsaysay 	Tinaan		
MISAMIS ORIENTAL	Magsaysay 	Tulang		
MISAMIS ORIENTAL	Magsaysay 	Villa Felipa		
MISAMIS ORIENTAL	GINGOOG	Agay-ayan		
MISAMIS ORIENTAL	GINGOOG	Alagatan		
MISAMIS ORIENTAL	GINGOOG	Anakan		
MISAMIS ORIENTAL	GINGOOG	Bagubad		
MISAMIS ORIENTAL	GINGOOG	Bakidbakid		
MISAMIS ORIENTAL	GINGOOG	Bal-ason		
MISAMIS ORIENTAL	GINGOOG	Bantaawan		
MISAMIS ORIENTAL	GINGOOG	Barangay 1		
MISAMIS ORIENTAL	GINGOOG	Barangay 10		
MISAMIS ORIENTAL	GINGOOG	Barangay 11		
MISAMIS ORIENTAL	GINGOOG	Barangay 12		
MISAMIS ORIENTAL	GINGOOG	Barangay 13		
MISAMIS ORIENTAL	GINGOOG	Barangay 14		
MISAMIS ORIENTAL	GINGOOG	Barangay 15		
MISAMIS ORIENTAL	GINGOOG	Barangay 16		
MISAMIS ORIENTAL	GINGOOG	Barangay 17		
MISAMIS ORIENTAL	GINGOOG	Barangay 18		
MISAMIS ORIENTAL	GINGOOG	Barangay 18-A		
MISAMIS ORIENTAL	GINGOOG	Barangay 19		
MISAMIS ORIENTAL	GINGOOG	Barangay 2		
MISAMIS ORIENTAL	GINGOOG	Barangay 20		
MISAMIS ORIENTAL	GINGOOG	Barangay 21		
MISAMIS ORIENTAL	GINGOOG	Barangay 22		
MISAMIS ORIENTAL	GINGOOG	Barangay 22-A		
MISAMIS ORIENTAL	GINGOOG	Barangay 23		
MISAMIS ORIENTAL	GINGOOG	Barangay 24		
MISAMIS ORIENTAL	GINGOOG	Barangay 24-A		
MISAMIS ORIENTAL	GINGOOG	Barangay 25		
MISAMIS ORIENTAL	GINGOOG	Barangay 26		
MISAMIS ORIENTAL	GINGOOG	Barangay 3		
MISAMIS ORIENTAL	GINGOOG	Barangay 4		
MISAMIS ORIENTAL	GINGOOG	Barangay 5		
MISAMIS ORIENTAL	GINGOOG	Barangay 6		
MISAMIS ORIENTAL	GINGOOG	Barangay 7		
MISAMIS ORIENTAL	GINGOOG	Barangay 8		
MISAMIS ORIENTAL	GINGOOG	Barangay 9		
MISAMIS ORIENTAL	GINGOOG	Binakalan		
MISAMIS ORIENTAL	GINGOOG	Capitulangan		
MISAMIS ORIENTAL	GINGOOG	Daan-Lungsod		
MISAMIS ORIENTAL	GINGOOG	Dinawehan		
MISAMIS ORIENTAL	GINGOOG	Eureka		
MISAMIS ORIENTAL	GINGOOG	Hindangon		
MISAMIS ORIENTAL	GINGOOG	Kalagonoy		
MISAMIS ORIENTAL	GINGOOG	Kalipay		
MISAMIS ORIENTAL	GINGOOG	Kamanikan		
MISAMIS ORIENTAL	GINGOOG	Kianlagan		
MISAMIS ORIENTAL	GINGOOG	Kibuging		
MISAMIS ORIENTAL	GINGOOG	Kipuntos		
MISAMIS ORIENTAL	GINGOOG	Lawaan		
MISAMIS ORIENTAL	GINGOOG	Lawit		
MISAMIS ORIENTAL	GINGOOG	Libertad		
MISAMIS ORIENTAL	GINGOOG	Libon		
MISAMIS ORIENTAL	GINGOOG	Lunao		
MISAMIS ORIENTAL	GINGOOG	Lunotan		
MISAMIS ORIENTAL	GINGOOG	Malibud		
MISAMIS ORIENTAL	GINGOOG	Malinao		
MISAMIS ORIENTAL	GINGOOG	Maribucao		
MISAMIS ORIENTAL	GINGOOG	Mimbalagon		
MISAMIS ORIENTAL	GINGOOG	Mimbunga		
MISAMIS ORIENTAL	GINGOOG	Mimbuntong		
MISAMIS ORIENTAL	GINGOOG	Minsapinit		
MISAMIS ORIENTAL	GINGOOG	Murallon		
MISAMIS ORIENTAL	GINGOOG	Odiongan		
MISAMIS ORIENTAL	GINGOOG	Pangasihan		
MISAMIS ORIENTAL	GINGOOG	Pigsaluhan		
MISAMIS ORIENTAL	GINGOOG	Punong		
MISAMIS ORIENTAL	GINGOOG	Ricoro		
MISAMIS ORIENTAL	GINGOOG	Samay		
MISAMIS ORIENTAL	GINGOOG	San Jose		
MISAMIS ORIENTAL	GINGOOG	San Juan		
MISAMIS ORIENTAL	GINGOOG	San Luis		
MISAMIS ORIENTAL	GINGOOG	San Miguel		
MISAMIS ORIENTAL	GINGOOG	Sangalan		
MISAMIS ORIENTAL	GINGOOG	Santiago		
MISAMIS ORIENTAL	GINGOOG	Tagpako		
MISAMIS ORIENTAL	GINGOOG	Talisay		
MISAMIS ORIENTAL	GINGOOG	Talon		
MISAMIS ORIENTAL	GINGOOG	Tinabalan		
MISAMIS ORIENTAL	GINGOOG	Tinulongan		
MISAMIS ORIENTAL	MEDINA	Bangbang		
MISAMIS ORIENTAL	MEDINA	Bulwa		
MISAMIS ORIENTAL	MEDINA	Cabug		
MISAMIS ORIENTAL	MEDINA	Dig-aguyan		
MISAMIS ORIENTAL	MEDINA	Duka		
MISAMIS ORIENTAL	MEDINA	Gasa		
MISAMIS ORIENTAL	MEDINA	Maanas		
MISAMIS ORIENTAL	MEDINA	Mananum Bag-o		
MISAMIS ORIENTAL	MEDINA	Mananum Daan		
MISAMIS ORIENTAL	MEDINA	North Poblacion		
MISAMIS ORIENTAL	MEDINA	Pahindong		
MISAMIS ORIENTAL	MEDINA	Portulin		
MISAMIS ORIENTAL	MEDINA	San Isidro		
MISAMIS ORIENTAL	MEDINA	San Jose		
MISAMIS ORIENTAL	MEDINA	San Roque		
MISAMIS ORIENTAL	MEDINA	San Vicente		
MISAMIS ORIENTAL	MEDINA	South Poblacion		
MISAMIS ORIENTAL	MEDINA	Tambagan		
MISAMIS ORIENTAL	MEDINA	Tup-on		
